Year,Total investment (in billions)
2019,0.83904001
2020,2.083558172
2021,4.171100137
2022,2.851839922
2023,25.22719711
2024,33.94